Insert into REGIONS (REGION_ID,REGION_NAME) values (1,'Europe');
Insert into REGIONS (REGION_ID,REGION_NAME) values (2,'Americas');
Insert into REGIONS (REGION_ID,REGION_NAME) values (3,'Asia');
Insert into REGIONS (REGION_ID,REGION_NAME) values (4,'Middle East and Africa');


Insert into COUNTRIES (COUNTRY_ID,COUNTRY_NAME,REGION_ID) values ('AR','Argentina',1);
Insert into COUNTRIES (COUNTRY_ID,COUNTRY_NAME,REGION_ID) values ('AU','Australia',3);
Insert into COUNTRIES (COUNTRY_ID,COUNTRY_NAME,REGION_ID) values ('BE','Belgium',1);
Insert into COUNTRIES (COUNTRY_ID,COUNTRY_NAME,REGION_ID) values ('BR','Brazil',2);
Insert into COUNTRIES (COUNTRY_ID,COUNTRY_NAME,REGION_ID) values ('CA','Canada',2);
Insert into COUNTRIES (COUNTRY_ID,COUNTRY_NAME,REGION_ID) values ('CH','Switzerland',1);
Insert into COUNTRIES (COUNTRY_ID,COUNTRY_NAME,REGION_ID) values ('CN','China',3);
Insert into COUNTRIES (COUNTRY_ID,COUNTRY_NAME,REGION_ID) values ('DE','Germany',1);
Insert into COUNTRIES (COUNTRY_ID,COUNTRY_NAME,REGION_ID) values ('DK','Denmark',1);
Insert into COUNTRIES (COUNTRY_ID,COUNTRY_NAME,REGION_ID) values ('EG','Egypt',4);
Insert into COUNTRIES (COUNTRY_ID,COUNTRY_NAME,REGION_ID) values ('FR','France',1);
Insert into COUNTRIES (COUNTRY_ID,COUNTRY_NAME,REGION_ID) values ('IL','Israel',4);
Insert into COUNTRIES (COUNTRY_ID,COUNTRY_NAME,REGION_ID) values ('IN','India',3);
Insert into COUNTRIES (COUNTRY_ID,COUNTRY_NAME,REGION_ID) values ('IT','Italy',1);
Insert into COUNTRIES (COUNTRY_ID,COUNTRY_NAME,REGION_ID) values ('JP','Japan',3);
Insert into COUNTRIES (COUNTRY_ID,COUNTRY_NAME,REGION_ID) values ('KW','Kuwait',4);
Insert into COUNTRIES (COUNTRY_ID,COUNTRY_NAME,REGION_ID) values ('ML','Malaysia',3);
Insert into COUNTRIES (COUNTRY_ID,COUNTRY_NAME,REGION_ID) values ('MX','Mexico',2);
Insert into COUNTRIES (COUNTRY_ID,COUNTRY_NAME,REGION_ID) values ('NG','Nigeria',4);
Insert into COUNTRIES (COUNTRY_ID,COUNTRY_NAME,REGION_ID) values ('NL','Netherlands',1);
Insert into COUNTRIES (COUNTRY_ID,COUNTRY_NAME,REGION_ID) values ('SG','Singapore',3);
Insert into COUNTRIES (COUNTRY_ID,COUNTRY_NAME,REGION_ID) values ('UK','United Kingdom',1);
Insert into COUNTRIES (COUNTRY_ID,COUNTRY_NAME,REGION_ID) values ('US','United States of America',2);
Insert into COUNTRIES (COUNTRY_ID,COUNTRY_NAME,REGION_ID) values ('ZM','Zambia',4);
Insert into COUNTRIES (COUNTRY_ID,COUNTRY_NAME,REGION_ID) values ('ZW','Zimbabwe',4);


Insert into LOCATIONS (LOCATION_ID,STREET_ADDRESS,POSTAL_CODE,CITY,STATE_PROVINCE,COUNTRY_ID) values (1000,'1297 Via Cola di Rie','00989','Roma',null,'IT');
Insert into LOCATIONS (LOCATION_ID,STREET_ADDRESS,POSTAL_CODE,CITY,STATE_PROVINCE,COUNTRY_ID) values (1100,'93091 Calle della Testa','10934','Venice',null,'IT');
Insert into LOCATIONS (LOCATION_ID,STREET_ADDRESS,POSTAL_CODE,CITY,STATE_PROVINCE,COUNTRY_ID) values (1200,'2017 Shinjuku-ku','1689','Tokyo','Tokyo Prefecture','JP');
Insert into LOCATIONS (LOCATION_ID,STREET_ADDRESS,POSTAL_CODE,CITY,STATE_PROVINCE,COUNTRY_ID) values (1300,'9450 Kamiya-cho','6823','Hiroshima',null,'JP');
Insert into LOCATIONS (LOCATION_ID,STREET_ADDRESS,POSTAL_CODE,CITY,STATE_PROVINCE,COUNTRY_ID) values (1400,'2014 Jabberwocky Rd','26192','Southlake','Texas','US');
Insert into LOCATIONS (LOCATION_ID,STREET_ADDRESS,POSTAL_CODE,CITY,STATE_PROVINCE,COUNTRY_ID) values (1500,'2011 Interiors Blvd','99236','South San Francisco','California','US');
Insert into LOCATIONS (LOCATION_ID,STREET_ADDRESS,POSTAL_CODE,CITY,STATE_PROVINCE,COUNTRY_ID) values (1600,'2007 Zagora St','50090','South Brunswick','New Jersey','US');
Insert into LOCATIONS (LOCATION_ID,STREET_ADDRESS,POSTAL_CODE,CITY,STATE_PROVINCE,COUNTRY_ID) values (1700,'2004 Charade Rd','98199','Seattle','Washington','US');
Insert into LOCATIONS (LOCATION_ID,STREET_ADDRESS,POSTAL_CODE,CITY,STATE_PROVINCE,COUNTRY_ID) values (1800,'147 Spadina Ave','M5V 2L7','Toronto','Ontario','CA');
Insert into LOCATIONS (LOCATION_ID,STREET_ADDRESS,POSTAL_CODE,CITY,STATE_PROVINCE,COUNTRY_ID) values (1900,'6092 Boxwood St','YSW 9T2','Whitehorse','Yukon','CA');
Insert into LOCATIONS (LOCATION_ID,STREET_ADDRESS,POSTAL_CODE,CITY,STATE_PROVINCE,COUNTRY_ID) values (2000,'40-5-12 Laogianggen','190518','Beijing',null,'CN');
Insert into LOCATIONS (LOCATION_ID,STREET_ADDRESS,POSTAL_CODE,CITY,STATE_PROVINCE,COUNTRY_ID) values (2100,'1298 Vileparle (E)','490231','Bombay','Maharashtra','IN');
Insert into LOCATIONS (LOCATION_ID,STREET_ADDRESS,POSTAL_CODE,CITY,STATE_PROVINCE,COUNTRY_ID) values (2200,'12-98 Victoria Street','2901','Sydney','New South Wales','AU');
Insert into LOCATIONS (LOCATION_ID,STREET_ADDRESS,POSTAL_CODE,CITY,STATE_PROVINCE,COUNTRY_ID) values (2300,'198 Clementi North','540198','Singapore',null,'SG');
Insert into LOCATIONS (LOCATION_ID,STREET_ADDRESS,POSTAL_CODE,CITY,STATE_PROVINCE,COUNTRY_ID) values (2400,'8204 Arthur St',null,'London',null,'UK');
Insert into LOCATIONS (LOCATION_ID,STREET_ADDRESS,POSTAL_CODE,CITY,STATE_PROVINCE,COUNTRY_ID) values (2500,'Magdalen Centre, The Oxford Science Park','OX9 9ZB','Oxford','Oxford','UK');
Insert into LOCATIONS (LOCATION_ID,STREET_ADDRESS,POSTAL_CODE,CITY,STATE_PROVINCE,COUNTRY_ID) values (2600,'9702 Chester Road','09629850293','Stretford','Manchester','UK');
Insert into LOCATIONS (LOCATION_ID,STREET_ADDRESS,POSTAL_CODE,CITY,STATE_PROVINCE,COUNTRY_ID) values (2700,'Schwanthalerstr. 7031','80925','Munich','Bavaria','DE');
Insert into LOCATIONS (LOCATION_ID,STREET_ADDRESS,POSTAL_CODE,CITY,STATE_PROVINCE,COUNTRY_ID) values (2800,'Rua Frei Caneca 1360 ','01307-002','Sao Paulo','Sao Paulo','BR');
Insert into LOCATIONS (LOCATION_ID,STREET_ADDRESS,POSTAL_CODE,CITY,STATE_PROVINCE,COUNTRY_ID) values (2900,'20 Rue des Corps-Saints','1730','Geneva','Geneve','CH');
Insert into LOCATIONS (LOCATION_ID,STREET_ADDRESS,POSTAL_CODE,CITY,STATE_PROVINCE,COUNTRY_ID) values (3000,'Murtenstrasse 921','3095','Bern','BE','CH');
Insert into LOCATIONS (LOCATION_ID,STREET_ADDRESS,POSTAL_CODE,CITY,STATE_PROVINCE,COUNTRY_ID) values (3100,'Pieter Breughelstraat 837','3029SK','Utrecht','Utrecht','NL');
Insert into LOCATIONS (LOCATION_ID,STREET_ADDRESS,POSTAL_CODE,CITY,STATE_PROVINCE,COUNTRY_ID) values (3200,'Mariano Escobedo 9991','11932','Mexico City','Distrito Federal,','MX');


Insert into JOBS (JOB_ID,JOB_TITLE,MIN_SALARY,MAX_SALARY) values ('AD_PRES','Purchasing Manager',18000,12000);
Insert into JOBS (JOB_ID,JOB_TITLE,MIN_SALARY,MAX_SALARY) values ('AD_VP','Administration Vice President',15000,30000);
Insert into JOBS (JOB_ID,JOB_TITLE,MIN_SALARY,MAX_SALARY) values ('AD_ASST','Administration Assistant',3000,6000);
Insert into JOBS (JOB_ID,JOB_TITLE,MIN_SALARY,MAX_SALARY) values ('FI_MGR','Finance Manager',8200,16000);
Insert into JOBS (JOB_ID,JOB_TITLE,MIN_SALARY,MAX_SALARY) values ('FI_ACCOUNT','Accountant',4200,9000);
Insert into JOBS (JOB_ID,JOB_TITLE,MIN_SALARY,MAX_SALARY) values ('AC_MGR','Accounting Manager',8200,16000);
Insert into JOBS (JOB_ID,JOB_TITLE,MIN_SALARY,MAX_SALARY) values ('AC_ACCOUNT','Public Accountant',4200,9000);
Insert into JOBS (JOB_ID,JOB_TITLE,MIN_SALARY,MAX_SALARY) values ('SA_MAN','Sales Manager',10000,20080);
Insert into JOBS (JOB_ID,JOB_TITLE,MIN_SALARY,MAX_SALARY) values ('SA_REP','Sales Representative',6000,12008);
Insert into JOBS (JOB_ID,JOB_TITLE,MIN_SALARY,MAX_SALARY) values ('PU_MAN','Purchasing Manager',8000,15000);
Insert into JOBS (JOB_ID,JOB_TITLE,MIN_SALARY,MAX_SALARY) values ('PU_CLERK','Purchasing Clerk',2500,5500);
Insert into JOBS (JOB_ID,JOB_TITLE,MIN_SALARY,MAX_SALARY) values ('ST_MAN','Stock Manager',5500,8500);
Insert into JOBS (JOB_ID,JOB_TITLE,MIN_SALARY,MAX_SALARY) values ('ST_CLERK','Stock Clerk',2008,5000);
Insert into JOBS (JOB_ID,JOB_TITLE,MIN_SALARY,MAX_SALARY) values ('SH_CLERK','Shipping Clerk',2500,5500);
Insert into JOBS (JOB_ID,JOB_TITLE,MIN_SALARY,MAX_SALARY) values ('IT_PROG','Programmer',4000,10000);
Insert into JOBS (JOB_ID,JOB_TITLE,MIN_SALARY,MAX_SALARY) values ('MK_MAN','Marketing Manager',9000,15000);
Insert into JOBS (JOB_ID,JOB_TITLE,MIN_SALARY,MAX_SALARY) values ('MK_REP','Marketing Representative',4000,9000);
Insert into JOBS (JOB_ID,JOB_TITLE,MIN_SALARY,MAX_SALARY) values ('HR_REP','Human Resources Representative',4000,9000);
Insert into JOBS (JOB_ID,JOB_TITLE,MIN_SALARY,MAX_SALARY) values ('PR_REP','Public Relations Representative',4500,10500);



Insert into DEPARTMENTS (DEPARTMENT_ID,DEPARTMENT_NAME,MANAGER_ID,LOCATION_ID) values (10,'Administration',200,1700);
Insert into DEPARTMENTS (DEPARTMENT_ID,DEPARTMENT_NAME,MANAGER_ID,LOCATION_ID) values (20,'Marketing',201,1800);
Insert into DEPARTMENTS (DEPARTMENT_ID,DEPARTMENT_NAME,MANAGER_ID,LOCATION_ID) values (30,'Purchasing',114,1700);
Insert into DEPARTMENTS (DEPARTMENT_ID,DEPARTMENT_NAME,MANAGER_ID,LOCATION_ID) values (40,'Human Resources',203,2400);
Insert into DEPARTMENTS (DEPARTMENT_ID,DEPARTMENT_NAME,MANAGER_ID,LOCATION_ID) values (50,'Shipping',121,1500);
Insert into DEPARTMENTS (DEPARTMENT_ID,DEPARTMENT_NAME,MANAGER_ID,LOCATION_ID) values (60,'IT',103,1400);
Insert into DEPARTMENTS (DEPARTMENT_ID,DEPARTMENT_NAME,MANAGER_ID,LOCATION_ID) values (70,'Public Relations',204,2700);
Insert into DEPARTMENTS (DEPARTMENT_ID,DEPARTMENT_NAME,MANAGER_ID,LOCATION_ID) values (80,'Sales',145,2500);
Insert into DEPARTMENTS (DEPARTMENT_ID,DEPARTMENT_NAME,MANAGER_ID,LOCATION_ID) values (90,'Executive',100,1700);
Insert into DEPARTMENTS (DEPARTMENT_ID,DEPARTMENT_NAME,MANAGER_ID,LOCATION_ID) values (100,'Finance',108,1700);
Insert into DEPARTMENTS (DEPARTMENT_ID,DEPARTMENT_NAME,MANAGER_ID,LOCATION_ID) values (110,'Accounting',205,1700);
Insert into DEPARTMENTS (DEPARTMENT_ID,DEPARTMENT_NAME,MANAGER_ID,LOCATION_ID) values (120,'Treasury',null,1700);
Insert into DEPARTMENTS (DEPARTMENT_ID,DEPARTMENT_NAME,MANAGER_ID,LOCATION_ID) values (130,'Corporate Tax',null,1700);
Insert into DEPARTMENTS (DEPARTMENT_ID,DEPARTMENT_NAME,MANAGER_ID,LOCATION_ID) values (140,'Control And Credit',null,1700);
Insert into DEPARTMENTS (DEPARTMENT_ID,DEPARTMENT_NAME,MANAGER_ID,LOCATION_ID) values (150,'Shareholder Services',null,1700);
Insert into DEPARTMENTS (DEPARTMENT_ID,DEPARTMENT_NAME,MANAGER_ID,LOCATION_ID) values (160,'Benefits',null,1700);
Insert into DEPARTMENTS (DEPARTMENT_ID,DEPARTMENT_NAME,MANAGER_ID,LOCATION_ID) values (170,'Manufacturing',null,1700);
Insert into DEPARTMENTS (DEPARTMENT_ID,DEPARTMENT_NAME,MANAGER_ID,LOCATION_ID) values (180,'Construction',null,1700);
Insert into DEPARTMENTS (DEPARTMENT_ID,DEPARTMENT_NAME,MANAGER_ID,LOCATION_ID) values (190,'Contracting',null,1700);
Insert into DEPARTMENTS (DEPARTMENT_ID,DEPARTMENT_NAME,MANAGER_ID,LOCATION_ID) values (200,'Operations',null,1700);
Insert into DEPARTMENTS (DEPARTMENT_ID,DEPARTMENT_NAME,MANAGER_ID,LOCATION_ID) values (210,'IT Support',null,1700);
Insert into DEPARTMENTS (DEPARTMENT_ID,DEPARTMENT_NAME,MANAGER_ID,LOCATION_ID) values (220,'NOC',null,1700);
Insert into DEPARTMENTS (DEPARTMENT_ID,DEPARTMENT_NAME,MANAGER_ID,LOCATION_ID) values (230,'IT Helpdesk',null,1700);
Insert into DEPARTMENTS (DEPARTMENT_ID,DEPARTMENT_NAME,MANAGER_ID,LOCATION_ID) values (240,'Government Sales',null,1700);
Insert into DEPARTMENTS (DEPARTMENT_ID,DEPARTMENT_NAME,MANAGER_ID,LOCATION_ID) values (250,'Retail Sales',null,1700);
Insert into DEPARTMENTS (DEPARTMENT_ID,DEPARTMENT_NAME,MANAGER_ID,LOCATION_ID) values (260,'Recruiting',null,1700);
Insert into DEPARTMENTS (DEPARTMENT_ID,DEPARTMENT_NAME,MANAGER_ID,LOCATION_ID) values (270,'Payroll',null,1700);



Insert into EMPLOYEES (EMPLOYEE_ID,FIRST_NAME,LAST_NAME,EMAIL,PHONE_NUMBER,HIRE_DATE,JOB_ID,SALARY,COMMISSION_PCT,MANAGER_ID,DEPARTMENT_ID,GENDER,DOB) values (184,'Nandita','Sarchand','NSARCHAN','650.509.1876',to_date('27-JAN-04','DD-MON-RR'),'SH_CLERK',4200,null,121,50,'F',to_date('11-DEC-98','DD-MON-RR'));
Insert into EMPLOYEES (EMPLOYEE_ID,FIRST_NAME,LAST_NAME,EMAIL,PHONE_NUMBER,HIRE_DATE,JOB_ID,SALARY,COMMISSION_PCT,MANAGER_ID,DEPARTMENT_ID,GENDER,DOB) values (194,'Samuel','McCain','SMCCAIN','650.501.3876',to_date('01-JUL-06','DD-MON-RR'),'SH_CLERK',3200,null,123,50,'F',to_date('17-JAN-87','DD-MON-RR'));
Insert into EMPLOYEES (EMPLOYEE_ID,FIRST_NAME,LAST_NAME,EMAIL,PHONE_NUMBER,HIRE_DATE,JOB_ID,SALARY,COMMISSION_PCT,MANAGER_ID,DEPARTMENT_ID,GENDER,DOB) values (100,'Steven','King','SKING','515.123.4567',to_date('17-JUN-03','DD-MON-RR'),'AD_PRES',24000,null,null,90,'M',to_date('22-AUG-96','DD-MON-RR'));
Insert into EMPLOYEES (EMPLOYEE_ID,FIRST_NAME,LAST_NAME,EMAIL,PHONE_NUMBER,HIRE_DATE,JOB_ID,SALARY,COMMISSION_PCT,MANAGER_ID,DEPARTMENT_ID,GENDER,DOB) values (101,'Neena','Kochhar','NKOCHHAR','515.123.4568',to_date('21-SEP-05','DD-MON-RR'),'AD_VP',17000,null,100,90,'F',to_date('05-OCT-92','DD-MON-RR'));
Insert into EMPLOYEES (EMPLOYEE_ID,FIRST_NAME,LAST_NAME,EMAIL,PHONE_NUMBER,HIRE_DATE,JOB_ID,SALARY,COMMISSION_PCT,MANAGER_ID,DEPARTMENT_ID,GENDER,DOB) values (102,'Lex','De Haan','LDEHAAN','515.123.4569',to_date('13-JAN-01','DD-MON-RR'),'AD_VP',17000,null,100,90,'F',to_date('12-JUN-90','DD-MON-RR'));
Insert into EMPLOYEES (EMPLOYEE_ID,FIRST_NAME,LAST_NAME,EMAIL,PHONE_NUMBER,HIRE_DATE,JOB_ID,SALARY,COMMISSION_PCT,MANAGER_ID,DEPARTMENT_ID,GENDER,DOB) values (103,'Alexander','Hunold','AHUNOLD','590.423.4567',to_date('03-JAN-06','DD-MON-RR'),'IT_PROG',9000,null,102,60,'M',to_date('23-FEB-93','DD-MON-RR'));
Insert into EMPLOYEES (EMPLOYEE_ID,FIRST_NAME,LAST_NAME,EMAIL,PHONE_NUMBER,HIRE_DATE,JOB_ID,SALARY,COMMISSION_PCT,MANAGER_ID,DEPARTMENT_ID,GENDER,DOB) values (104,'Bruce','Ernst','BERNST','590.423.4568',to_date('21-MAY-07','DD-MON-RR'),'IT_PROG',6000,null,103,60,'M',to_date('01-FEB-91','DD-MON-RR'));
Insert into EMPLOYEES (EMPLOYEE_ID,FIRST_NAME,LAST_NAME,EMAIL,PHONE_NUMBER,HIRE_DATE,JOB_ID,SALARY,COMMISSION_PCT,MANAGER_ID,DEPARTMENT_ID,GENDER,DOB) values (105,'David','Austin','DAUSTIN','590.423.4569',to_date('25-JUN-05','DD-MON-RR'),'IT_PROG',4800,null,103,60,'M',to_date('03-AUG-97','DD-MON-RR'));
Insert into EMPLOYEES (EMPLOYEE_ID,FIRST_NAME,LAST_NAME,EMAIL,PHONE_NUMBER,HIRE_DATE,JOB_ID,SALARY,COMMISSION_PCT,MANAGER_ID,DEPARTMENT_ID,GENDER,DOB) values (106,'Valli','Pataballa','VPATABAL','590.423.4560',to_date('05-FEB-06','DD-MON-RR'),'IT_PROG',4800,null,103,60,'M',to_date('05-JAN-97','DD-MON-RR'));
Insert into EMPLOYEES (EMPLOYEE_ID,FIRST_NAME,LAST_NAME,EMAIL,PHONE_NUMBER,HIRE_DATE,JOB_ID,SALARY,COMMISSION_PCT,MANAGER_ID,DEPARTMENT_ID,GENDER,DOB) values (107,'Diana','Lorentz','DLORENTZ','590.423.5567',to_date('07-FEB-07','DD-MON-RR'),'IT_PROG',4200,null,103,60,'M',to_date('04-NOV-94','DD-MON-RR'));
Insert into EMPLOYEES (EMPLOYEE_ID,FIRST_NAME,LAST_NAME,EMAIL,PHONE_NUMBER,HIRE_DATE,JOB_ID,SALARY,COMMISSION_PCT,MANAGER_ID,DEPARTMENT_ID,GENDER,DOB) values (108,'Nancy','Greenberg','NGREENBE','515.124.4569',to_date('17-AUG-02','DD-MON-RR'),'FI_MGR',12008,null,101,100,'F',to_date('01-SEP-94','DD-MON-RR'));
Insert into EMPLOYEES (EMPLOYEE_ID,FIRST_NAME,LAST_NAME,EMAIL,PHONE_NUMBER,HIRE_DATE,JOB_ID,SALARY,COMMISSION_PCT,MANAGER_ID,DEPARTMENT_ID,GENDER,DOB) values (109,'Daniel','Faviet','DFAVIET','515.124.4169',to_date('16-AUG-02','DD-MON-RR'),'FI_ACCOUNT',9000,null,108,100,'F',to_date('05-SEP-83','DD-MON-RR'));
Insert into EMPLOYEES (EMPLOYEE_ID,FIRST_NAME,LAST_NAME,EMAIL,PHONE_NUMBER,HIRE_DATE,JOB_ID,SALARY,COMMISSION_PCT,MANAGER_ID,DEPARTMENT_ID,GENDER,DOB) values (110,'John','Chen','JCHEN','515.124.4269',to_date('28-SEP-05','DD-MON-RR'),'FI_ACCOUNT',8200,null,108,100,'M',to_date('27-JAN-88','DD-MON-RR'));
Insert into EMPLOYEES (EMPLOYEE_ID,FIRST_NAME,LAST_NAME,EMAIL,PHONE_NUMBER,HIRE_DATE,JOB_ID,SALARY,COMMISSION_PCT,MANAGER_ID,DEPARTMENT_ID,GENDER,DOB) values (111,'Ismael','Sciarra','ISCIARRA','515.124.4369',to_date('30-SEP-05','DD-MON-RR'),'FI_ACCOUNT',7700,null,108,100,'M',to_date('02-OCT-98','DD-MON-RR'));
Insert into EMPLOYEES (EMPLOYEE_ID,FIRST_NAME,LAST_NAME,EMAIL,PHONE_NUMBER,HIRE_DATE,JOB_ID,SALARY,COMMISSION_PCT,MANAGER_ID,DEPARTMENT_ID,GENDER,DOB) values (112,'Jose Manuel','Urman','JMURMAN','515.124.4469',to_date('07-MAR-06','DD-MON-RR'),'FI_ACCOUNT',7800,null,108,100,'M',to_date('08-AUG-84','DD-MON-RR'));
Insert into EMPLOYEES (EMPLOYEE_ID,FIRST_NAME,LAST_NAME,EMAIL,PHONE_NUMBER,HIRE_DATE,JOB_ID,SALARY,COMMISSION_PCT,MANAGER_ID,DEPARTMENT_ID,GENDER,DOB) values (113,'Luis','Popp','LPOPP','515.124.4567',to_date('07-DEC-07','DD-MON-RR'),'FI_ACCOUNT',6900,null,108,100,'M',to_date('22-NOV-95','DD-MON-RR'));
Insert into EMPLOYEES (EMPLOYEE_ID,FIRST_NAME,LAST_NAME,EMAIL,PHONE_NUMBER,HIRE_DATE,JOB_ID,SALARY,COMMISSION_PCT,MANAGER_ID,DEPARTMENT_ID,GENDER,DOB) values (114,'Den','Raphaely','DRAPHEAL','515.127.4561',to_date('07-DEC-02','DD-MON-RR'),'PU_MAN',11000,null,100,30,'M',to_date('31-DEC-98','DD-MON-RR'));
Insert into EMPLOYEES (EMPLOYEE_ID,FIRST_NAME,LAST_NAME,EMAIL,PHONE_NUMBER,HIRE_DATE,JOB_ID,SALARY,COMMISSION_PCT,MANAGER_ID,DEPARTMENT_ID,GENDER,DOB) values (115,'Alexander','Khoo','AKHOO','515.127.4562',to_date('18-MAY-03','DD-MON-RR'),'PU_CLERK',3100,null,114,30,'M',to_date('16-OCT-93','DD-MON-RR'));
Insert into EMPLOYEES (EMPLOYEE_ID,FIRST_NAME,LAST_NAME,EMAIL,PHONE_NUMBER,HIRE_DATE,JOB_ID,SALARY,COMMISSION_PCT,MANAGER_ID,DEPARTMENT_ID,GENDER,DOB) values (116,'Shelli','Baida','SBAIDA','515.127.4563',to_date('24-DEC-05','DD-MON-RR'),'PU_CLERK',2900,null,114,30,'F',to_date('08-MAY-92','DD-MON-RR'));
Insert into EMPLOYEES (EMPLOYEE_ID,FIRST_NAME,LAST_NAME,EMAIL,PHONE_NUMBER,HIRE_DATE,JOB_ID,SALARY,COMMISSION_PCT,MANAGER_ID,DEPARTMENT_ID,GENDER,DOB) values (117,'Sigal','Tobias','STOBIAS','515.127.4564',to_date('24-JUL-05','DD-MON-RR'),'PU_CLERK',2800,null,114,30,'M',to_date('21-FEB-83','DD-MON-RR'));
Insert into EMPLOYEES (EMPLOYEE_ID,FIRST_NAME,LAST_NAME,EMAIL,PHONE_NUMBER,HIRE_DATE,JOB_ID,SALARY,COMMISSION_PCT,MANAGER_ID,DEPARTMENT_ID,GENDER,DOB) values (118,'Guy','Himuro','GHIMURO','515.127.4565',to_date('15-NOV-06','DD-MON-RR'),'PU_CLERK',2600,null,114,30,'M',to_date('11-AUG-95','DD-MON-RR'));
Insert into EMPLOYEES (EMPLOYEE_ID,FIRST_NAME,LAST_NAME,EMAIL,PHONE_NUMBER,HIRE_DATE,JOB_ID,SALARY,COMMISSION_PCT,MANAGER_ID,DEPARTMENT_ID,GENDER,DOB) values (119,'Karen','Colmenares','KCOLMENA','515.127.4566',to_date('10-AUG-07','DD-MON-RR'),'PU_CLERK',2500,null,114,30,'M',to_date('15-NOV-93','DD-MON-RR'));
Insert into EMPLOYEES (EMPLOYEE_ID,FIRST_NAME,LAST_NAME,EMAIL,PHONE_NUMBER,HIRE_DATE,JOB_ID,SALARY,COMMISSION_PCT,MANAGER_ID,DEPARTMENT_ID,GENDER,DOB) values (120,'Matthew','Weiss','MWEISS','650.123.1234',to_date('18-JUL-04','DD-MON-RR'),'ST_MAN',8000,null,100,50,'M',to_date('08-MAY-93','DD-MON-RR'));
Insert into EMPLOYEES (EMPLOYEE_ID,FIRST_NAME,LAST_NAME,EMAIL,PHONE_NUMBER,HIRE_DATE,JOB_ID,SALARY,COMMISSION_PCT,MANAGER_ID,DEPARTMENT_ID,GENDER,DOB) values (121,'Adam','Fripp','AFRIPP','650.123.2234',to_date('10-APR-05','DD-MON-RR'),'ST_MAN',8200,null,100,50,'F',to_date('17-JUL-83','DD-MON-RR'));
Insert into EMPLOYEES (EMPLOYEE_ID,FIRST_NAME,LAST_NAME,EMAIL,PHONE_NUMBER,HIRE_DATE,JOB_ID,SALARY,COMMISSION_PCT,MANAGER_ID,DEPARTMENT_ID,GENDER,DOB) values (122,'Payam','Kaufling','PKAUFLIN','650.123.3234',to_date('01-MAY-03','DD-MON-RR'),'ST_MAN',7900,null,100,50,'M',to_date('07-SEP-81','DD-MON-RR'));
Insert into EMPLOYEES (EMPLOYEE_ID,FIRST_NAME,LAST_NAME,EMAIL,PHONE_NUMBER,HIRE_DATE,JOB_ID,SALARY,COMMISSION_PCT,MANAGER_ID,DEPARTMENT_ID,GENDER,DOB) values (123,'Shanta','Vollman','SVOLLMAN','650.123.4234',to_date('10-OCT-05','DD-MON-RR'),'ST_MAN',6500,null,100,50,'M',to_date('23-JAN-97','DD-MON-RR'));
Insert into EMPLOYEES (EMPLOYEE_ID,FIRST_NAME,LAST_NAME,EMAIL,PHONE_NUMBER,HIRE_DATE,JOB_ID,SALARY,COMMISSION_PCT,MANAGER_ID,DEPARTMENT_ID,GENDER,DOB) values (124,'Kevin','Mourgos','KMOURGOS','650.123.5234',to_date('16-NOV-07','DD-MON-RR'),'ST_MAN',5800,null,100,50,'F',to_date('04-JUL-80','DD-MON-RR'));
Insert into EMPLOYEES (EMPLOYEE_ID,FIRST_NAME,LAST_NAME,EMAIL,PHONE_NUMBER,HIRE_DATE,JOB_ID,SALARY,COMMISSION_PCT,MANAGER_ID,DEPARTMENT_ID,GENDER,DOB) values (125,'Julia','Nayer','JNAYER','650.124.1214',to_date('16-JUL-05','DD-MON-RR'),'ST_CLERK',3200,null,120,50,'M',to_date('17-DEC-81','DD-MON-RR'));
Insert into EMPLOYEES (EMPLOYEE_ID,FIRST_NAME,LAST_NAME,EMAIL,PHONE_NUMBER,HIRE_DATE,JOB_ID,SALARY,COMMISSION_PCT,MANAGER_ID,DEPARTMENT_ID,GENDER,DOB) values (126,'Irene','Mikkilineni','IMIKKILI','650.124.1224',to_date('28-SEP-06','DD-MON-RR'),'ST_CLERK',2700,null,120,50,'M',to_date('18-NOV-80','DD-MON-RR'));
Insert into EMPLOYEES (EMPLOYEE_ID,FIRST_NAME,LAST_NAME,EMAIL,PHONE_NUMBER,HIRE_DATE,JOB_ID,SALARY,COMMISSION_PCT,MANAGER_ID,DEPARTMENT_ID,GENDER,DOB) values (127,'James','Landry','JLANDRY','650.124.1334',to_date('14-JAN-07','DD-MON-RR'),'ST_CLERK',2400,null,120,50,'M',to_date('04-AUG-90','DD-MON-RR'));
Insert into EMPLOYEES (EMPLOYEE_ID,FIRST_NAME,LAST_NAME,EMAIL,PHONE_NUMBER,HIRE_DATE,JOB_ID,SALARY,COMMISSION_PCT,MANAGER_ID,DEPARTMENT_ID,GENDER,DOB) values (128,'Steven','Markle','SMARKLE','650.124.1434',to_date('08-MAR-08','DD-MON-RR'),'ST_CLERK',2200,null,120,50,'M',to_date('24-OCT-90','DD-MON-RR'));
Insert into EMPLOYEES (EMPLOYEE_ID,FIRST_NAME,LAST_NAME,EMAIL,PHONE_NUMBER,HIRE_DATE,JOB_ID,SALARY,COMMISSION_PCT,MANAGER_ID,DEPARTMENT_ID,GENDER,DOB) values (129,'Laura','Bissot','LBISSOT','650.124.5234',to_date('20-AUG-05','DD-MON-RR'),'ST_CLERK',3300,null,121,50,'F',to_date('23-JUL-93','DD-MON-RR'));
Insert into EMPLOYEES (EMPLOYEE_ID,FIRST_NAME,LAST_NAME,EMAIL,PHONE_NUMBER,HIRE_DATE,JOB_ID,SALARY,COMMISSION_PCT,MANAGER_ID,DEPARTMENT_ID,GENDER,DOB) values (130,'Mozhe','Atkinson','MATKINSO','650.124.6234',to_date('30-OCT-05','DD-MON-RR'),'ST_CLERK',2800,null,121,50,'F',to_date('20-JUN-80','DD-MON-RR'));
Insert into EMPLOYEES (EMPLOYEE_ID,FIRST_NAME,LAST_NAME,EMAIL,PHONE_NUMBER,HIRE_DATE,JOB_ID,SALARY,COMMISSION_PCT,MANAGER_ID,DEPARTMENT_ID,GENDER,DOB) values (131,'James','Marlow','JAMRLOW','650.124.7234',to_date('16-FEB-05','DD-MON-RR'),'ST_CLERK',2500,null,121,50,'F',to_date('28-AUG-83','DD-MON-RR'));
Insert into EMPLOYEES (EMPLOYEE_ID,FIRST_NAME,LAST_NAME,EMAIL,PHONE_NUMBER,HIRE_DATE,JOB_ID,SALARY,COMMISSION_PCT,MANAGER_ID,DEPARTMENT_ID,GENDER,DOB) values (132,'TJ','Olson','TJOLSON','650.124.8234',to_date('10-APR-07','DD-MON-RR'),'ST_CLERK',2100,null,121,50,'M',to_date('28-FEB-90','DD-MON-RR'));
Insert into EMPLOYEES (EMPLOYEE_ID,FIRST_NAME,LAST_NAME,EMAIL,PHONE_NUMBER,HIRE_DATE,JOB_ID,SALARY,COMMISSION_PCT,MANAGER_ID,DEPARTMENT_ID,GENDER,DOB) values (133,'Jason','Mallin','JMALLIN','650.127.1934',to_date('14-JUN-04','DD-MON-RR'),'ST_CLERK',3300,null,122,50,'M',to_date('05-OCT-95','DD-MON-RR'));
Insert into EMPLOYEES (EMPLOYEE_ID,FIRST_NAME,LAST_NAME,EMAIL,PHONE_NUMBER,HIRE_DATE,JOB_ID,SALARY,COMMISSION_PCT,MANAGER_ID,DEPARTMENT_ID,GENDER,DOB) values (134,'Michael','Rogers','MROGERS','650.127.1834',to_date('26-AUG-06','DD-MON-RR'),'ST_CLERK',2900,null,122,50,'M',to_date('03-JUL-90','DD-MON-RR'));
Insert into EMPLOYEES (EMPLOYEE_ID,FIRST_NAME,LAST_NAME,EMAIL,PHONE_NUMBER,HIRE_DATE,JOB_ID,SALARY,COMMISSION_PCT,MANAGER_ID,DEPARTMENT_ID,GENDER,DOB) values (135,'Ki','Gee','KGEE','650.127.1734',to_date('12-DEC-07','DD-MON-RR'),'ST_CLERK',2400,null,122,50,'F',to_date('17-APR-90','DD-MON-RR'));
Insert into EMPLOYEES (EMPLOYEE_ID,FIRST_NAME,LAST_NAME,EMAIL,PHONE_NUMBER,HIRE_DATE,JOB_ID,SALARY,COMMISSION_PCT,MANAGER_ID,DEPARTMENT_ID,GENDER,DOB) values (136,'Hazel','Philtanker','HPHILTAN','650.127.1634',to_date('06-FEB-08','DD-MON-RR'),'ST_CLERK',2200,null,122,50,'M',to_date('05-JAN-81','DD-MON-RR'));
Insert into EMPLOYEES (EMPLOYEE_ID,FIRST_NAME,LAST_NAME,EMAIL,PHONE_NUMBER,HIRE_DATE,JOB_ID,SALARY,COMMISSION_PCT,MANAGER_ID,DEPARTMENT_ID,GENDER,DOB) values (137,'Renske','Ladwig','RLADWIG','650.121.1234',to_date('14-JUL-03','DD-MON-RR'),'ST_CLERK',3600,null,123,50,'M',to_date('27-DEC-82','DD-MON-RR'));
Insert into EMPLOYEES (EMPLOYEE_ID,FIRST_NAME,LAST_NAME,EMAIL,PHONE_NUMBER,HIRE_DATE,JOB_ID,SALARY,COMMISSION_PCT,MANAGER_ID,DEPARTMENT_ID,GENDER,DOB) values (138,'Stephen','Stiles','SSTILES','650.121.2034',to_date('26-OCT-05','DD-MON-RR'),'ST_CLERK',3200,null,123,50,'M',to_date('01-JUL-91','DD-MON-RR'));
Insert into EMPLOYEES (EMPLOYEE_ID,FIRST_NAME,LAST_NAME,EMAIL,PHONE_NUMBER,HIRE_DATE,JOB_ID,SALARY,COMMISSION_PCT,MANAGER_ID,DEPARTMENT_ID,GENDER,DOB) values (139,'John','Seo','JSEO','650.121.2019',to_date('12-FEB-06','DD-MON-RR'),'ST_CLERK',2700,null,123,50,'M',to_date('15-DEC-95','DD-MON-RR'));
Insert into EMPLOYEES (EMPLOYEE_ID,FIRST_NAME,LAST_NAME,EMAIL,PHONE_NUMBER,HIRE_DATE,JOB_ID,SALARY,COMMISSION_PCT,MANAGER_ID,DEPARTMENT_ID,GENDER,DOB) values (140,'Joshua','Patel','JPATEL','650.121.1834',to_date('06-APR-06','DD-MON-RR'),'ST_CLERK',2500,null,123,50,'M',to_date('21-AUG-81','DD-MON-RR'));
Insert into EMPLOYEES (EMPLOYEE_ID,FIRST_NAME,LAST_NAME,EMAIL,PHONE_NUMBER,HIRE_DATE,JOB_ID,SALARY,COMMISSION_PCT,MANAGER_ID,DEPARTMENT_ID,GENDER,DOB) values (141,'Trenna','Rajs','TRAJS','650.121.8009',to_date('17-OCT-03','DD-MON-RR'),'ST_CLERK',3500,null,124,50,'M',to_date('06-JAN-96','DD-MON-RR'));
Insert into EMPLOYEES (EMPLOYEE_ID,FIRST_NAME,LAST_NAME,EMAIL,PHONE_NUMBER,HIRE_DATE,JOB_ID,SALARY,COMMISSION_PCT,MANAGER_ID,DEPARTMENT_ID,GENDER,DOB) values (142,'Curtis','Davies','CDAVIES','650.121.2994',to_date('29-JAN-05','DD-MON-RR'),'ST_CLERK',3100,null,124,50,'F',to_date('17-DEC-98','DD-MON-RR'));
Insert into EMPLOYEES (EMPLOYEE_ID,FIRST_NAME,LAST_NAME,EMAIL,PHONE_NUMBER,HIRE_DATE,JOB_ID,SALARY,COMMISSION_PCT,MANAGER_ID,DEPARTMENT_ID,GENDER,DOB) values (143,'Randall','Matos','RMATOS','650.121.2874',to_date('15-MAR-06','DD-MON-RR'),'ST_CLERK',2600,null,124,50,'F',to_date('18-OCT-95','DD-MON-RR'));
Insert into EMPLOYEES (EMPLOYEE_ID,FIRST_NAME,LAST_NAME,EMAIL,PHONE_NUMBER,HIRE_DATE,JOB_ID,SALARY,COMMISSION_PCT,MANAGER_ID,DEPARTMENT_ID,GENDER,DOB) values (144,'Peter','Vargas','PVARGAS','650.121.2004',to_date('09-JUL-06','DD-MON-RR'),'ST_CLERK',2500,null,124,50,'F',to_date('26-OCT-87','DD-MON-RR'));
Insert into EMPLOYEES (EMPLOYEE_ID,FIRST_NAME,LAST_NAME,EMAIL,PHONE_NUMBER,HIRE_DATE,JOB_ID,SALARY,COMMISSION_PCT,MANAGER_ID,DEPARTMENT_ID,GENDER,DOB) values (145,'John','Russell','JRUSSEL','011.44.1344.429268',to_date('01-OCT-04','DD-MON-RR'),'SA_MAN',14000,0.4,100,80,'F',to_date('24-OCT-98','DD-MON-RR'));
Insert into EMPLOYEES (EMPLOYEE_ID,FIRST_NAME,LAST_NAME,EMAIL,PHONE_NUMBER,HIRE_DATE,JOB_ID,SALARY,COMMISSION_PCT,MANAGER_ID,DEPARTMENT_ID,GENDER,DOB) values (146,'Karen','Partners','KPARTNER','011.44.1344.467268',to_date('05-JAN-05','DD-MON-RR'),'SA_MAN',13500,0.3,100,80,'M',to_date('19-APR-87','DD-MON-RR'));
Insert into EMPLOYEES (EMPLOYEE_ID,FIRST_NAME,LAST_NAME,EMAIL,PHONE_NUMBER,HIRE_DATE,JOB_ID,SALARY,COMMISSION_PCT,MANAGER_ID,DEPARTMENT_ID,GENDER,DOB) values (147,'Alberto','Errazuriz','AERRAZUR','011.44.1344.429278',to_date('10-MAR-05','DD-MON-RR'),'SA_MAN',12000,0.3,100,80,'M',to_date('08-SEP-87','DD-MON-RR'));
Insert into EMPLOYEES (EMPLOYEE_ID,FIRST_NAME,LAST_NAME,EMAIL,PHONE_NUMBER,HIRE_DATE,JOB_ID,SALARY,COMMISSION_PCT,MANAGER_ID,DEPARTMENT_ID,GENDER,DOB) values (148,'Gerald','Cambrault','GCAMBRAU','011.44.1344.619268',to_date('15-OCT-07','DD-MON-RR'),'SA_MAN',11000,0.3,100,80,'F',to_date('23-MAR-82','DD-MON-RR'));
Insert into EMPLOYEES (EMPLOYEE_ID,FIRST_NAME,LAST_NAME,EMAIL,PHONE_NUMBER,HIRE_DATE,JOB_ID,SALARY,COMMISSION_PCT,MANAGER_ID,DEPARTMENT_ID,GENDER,DOB) values (149,'Eleni','Zlotkey','EZLOTKEY','011.44.1344.429018',to_date('29-JAN-08','DD-MON-RR'),'SA_MAN',10500,0.2,100,80,'F',to_date('22-NOV-84','DD-MON-RR'));
Insert into EMPLOYEES (EMPLOYEE_ID,FIRST_NAME,LAST_NAME,EMAIL,PHONE_NUMBER,HIRE_DATE,JOB_ID,SALARY,COMMISSION_PCT,MANAGER_ID,DEPARTMENT_ID,GENDER,DOB) values (150,'Peter','Tucker','PTUCKER','011.44.1344.129268',to_date('30-JAN-05','DD-MON-RR'),'SA_REP',10000,0.3,145,80,'F',to_date('08-MAR-88','DD-MON-RR'));
Insert into EMPLOYEES (EMPLOYEE_ID,FIRST_NAME,LAST_NAME,EMAIL,PHONE_NUMBER,HIRE_DATE,JOB_ID,SALARY,COMMISSION_PCT,MANAGER_ID,DEPARTMENT_ID,GENDER,DOB) values (151,'David','Bernstein','DBERNSTE','011.44.1344.345268',to_date('24-MAR-05','DD-MON-RR'),'SA_REP',9500,0.25,145,80,'F',to_date('16-JAN-93','DD-MON-RR'));
Insert into EMPLOYEES (EMPLOYEE_ID,FIRST_NAME,LAST_NAME,EMAIL,PHONE_NUMBER,HIRE_DATE,JOB_ID,SALARY,COMMISSION_PCT,MANAGER_ID,DEPARTMENT_ID,GENDER,DOB) values (152,'Peter','Hall','PHALL','011.44.1344.478968',to_date('20-AUG-05','DD-MON-RR'),'SA_REP',9000,0.25,145,80,'M',to_date('23-MAY-96','DD-MON-RR'));
Insert into EMPLOYEES (EMPLOYEE_ID,FIRST_NAME,LAST_NAME,EMAIL,PHONE_NUMBER,HIRE_DATE,JOB_ID,SALARY,COMMISSION_PCT,MANAGER_ID,DEPARTMENT_ID,GENDER,DOB) values (153,'Christopher','Olsen','COLSEN','011.44.1344.498718',to_date('30-MAR-06','DD-MON-RR'),'SA_REP',8000,0.2,145,80,'M',to_date('24-MAY-93','DD-MON-RR'));
Insert into EMPLOYEES (EMPLOYEE_ID,FIRST_NAME,LAST_NAME,EMAIL,PHONE_NUMBER,HIRE_DATE,JOB_ID,SALARY,COMMISSION_PCT,MANAGER_ID,DEPARTMENT_ID,GENDER,DOB) values (154,'Nanette','Cambrault','NCAMBRAU','011.44.1344.987668',to_date('09-DEC-06','DD-MON-RR'),'SA_REP',7500,0.2,145,80,'M',to_date('18-OCT-95','DD-MON-RR'));
Insert into EMPLOYEES (EMPLOYEE_ID,FIRST_NAME,LAST_NAME,EMAIL,PHONE_NUMBER,HIRE_DATE,JOB_ID,SALARY,COMMISSION_PCT,MANAGER_ID,DEPARTMENT_ID,GENDER,DOB) values (155,'Oliver','Tuvault','OTUVAULT','011.44.1344.486508',to_date('23-NOV-07','DD-MON-RR'),'SA_REP',7000,0.15,145,80,'M',to_date('18-APR-81','DD-MON-RR'));
Insert into EMPLOYEES (EMPLOYEE_ID,FIRST_NAME,LAST_NAME,EMAIL,PHONE_NUMBER,HIRE_DATE,JOB_ID,SALARY,COMMISSION_PCT,MANAGER_ID,DEPARTMENT_ID,GENDER,DOB) values (156,'Janette','King','JKING','011.44.1345.429268',to_date('30-JAN-04','DD-MON-RR'),'SA_REP',10000,0.35,146,80,'F',to_date('15-JAN-82','DD-MON-RR'));
Insert into EMPLOYEES (EMPLOYEE_ID,FIRST_NAME,LAST_NAME,EMAIL,PHONE_NUMBER,HIRE_DATE,JOB_ID,SALARY,COMMISSION_PCT,MANAGER_ID,DEPARTMENT_ID,GENDER,DOB) values (157,'Patrick','Sully','PSULLY','011.44.1345.929268',to_date('04-MAR-04','DD-MON-RR'),'SA_REP',9500,0.35,146,80,'M',to_date('12-OCT-96','DD-MON-RR'));
Insert into EMPLOYEES (EMPLOYEE_ID,FIRST_NAME,LAST_NAME,EMAIL,PHONE_NUMBER,HIRE_DATE,JOB_ID,SALARY,COMMISSION_PCT,MANAGER_ID,DEPARTMENT_ID,GENDER,DOB) values (158,'Allan','McEwen','AMCEWEN','011.44.1345.829268',to_date('01-AUG-04','DD-MON-RR'),'SA_REP',9000,0.35,146,80,'M',to_date('03-FEB-92','DD-MON-RR'));
Insert into EMPLOYEES (EMPLOYEE_ID,FIRST_NAME,LAST_NAME,EMAIL,PHONE_NUMBER,HIRE_DATE,JOB_ID,SALARY,COMMISSION_PCT,MANAGER_ID,DEPARTMENT_ID,GENDER,DOB) values (159,'Lindsey','Smith','LSMITH','011.44.1345.729268',to_date('10-MAR-05','DD-MON-RR'),'SA_REP',8000,0.3,146,80,'M',to_date('12-FEB-95','DD-MON-RR'));
Insert into EMPLOYEES (EMPLOYEE_ID,FIRST_NAME,LAST_NAME,EMAIL,PHONE_NUMBER,HIRE_DATE,JOB_ID,SALARY,COMMISSION_PCT,MANAGER_ID,DEPARTMENT_ID,GENDER,DOB) values (160,'Louise','Doran','LDORAN','011.44.1345.629268',to_date('15-DEC-05','DD-MON-RR'),'SA_REP',7500,0.3,146,80,'M',to_date('10-APR-80','DD-MON-RR'));
Insert into EMPLOYEES (EMPLOYEE_ID,FIRST_NAME,LAST_NAME,EMAIL,PHONE_NUMBER,HIRE_DATE,JOB_ID,SALARY,COMMISSION_PCT,MANAGER_ID,DEPARTMENT_ID,GENDER,DOB) values (161,'Sarath','Sewall','SSEWALL','011.44.1345.529268',to_date('03-NOV-06','DD-MON-RR'),'SA_REP',7000,0.25,146,80,'M',to_date('31-JUL-96','DD-MON-RR'));
Insert into EMPLOYEES (EMPLOYEE_ID,FIRST_NAME,LAST_NAME,EMAIL,PHONE_NUMBER,HIRE_DATE,JOB_ID,SALARY,COMMISSION_PCT,MANAGER_ID,DEPARTMENT_ID,GENDER,DOB) values (162,'Clara','Vishney','CVISHNEY','011.44.1346.129268',to_date('11-NOV-05','DD-MON-RR'),'SA_REP',10500,0.25,147,80,'M',to_date('06-APR-85','DD-MON-RR'));
Insert into EMPLOYEES (EMPLOYEE_ID,FIRST_NAME,LAST_NAME,EMAIL,PHONE_NUMBER,HIRE_DATE,JOB_ID,SALARY,COMMISSION_PCT,MANAGER_ID,DEPARTMENT_ID,GENDER,DOB) values (163,'Danielle','Greene','DGREENE','011.44.1346.229268',to_date('19-MAR-07','DD-MON-RR'),'SA_REP',9500,0.15,147,80,'F',to_date('23-NOV-96','DD-MON-RR'));
Insert into EMPLOYEES (EMPLOYEE_ID,FIRST_NAME,LAST_NAME,EMAIL,PHONE_NUMBER,HIRE_DATE,JOB_ID,SALARY,COMMISSION_PCT,MANAGER_ID,DEPARTMENT_ID,GENDER,DOB) values (164,'Mattea','Marvins','MMARVINS','011.44.1346.329268',to_date('24-JAN-08','DD-MON-RR'),'SA_REP',7200,0.1,147,80,'M',to_date('07-AUG-91','DD-MON-RR'));
Insert into EMPLOYEES (EMPLOYEE_ID,FIRST_NAME,LAST_NAME,EMAIL,PHONE_NUMBER,HIRE_DATE,JOB_ID,SALARY,COMMISSION_PCT,MANAGER_ID,DEPARTMENT_ID,GENDER,DOB) values (165,'David','Lee','DLEE','011.44.1346.529268',to_date('23-FEB-08','DD-MON-RR'),'SA_REP',6800,0.1,147,80,'F',to_date('02-OCT-82','DD-MON-RR'));
Insert into EMPLOYEES (EMPLOYEE_ID,FIRST_NAME,LAST_NAME,EMAIL,PHONE_NUMBER,HIRE_DATE,JOB_ID,SALARY,COMMISSION_PCT,MANAGER_ID,DEPARTMENT_ID,GENDER,DOB) values (166,'Sundar','Ande','SANDE','011.44.1346.629268',to_date('24-MAR-08','DD-MON-RR'),'SA_REP',6400,0.1,147,80,'F',to_date('15-JUL-88','DD-MON-RR'));
Insert into EMPLOYEES (EMPLOYEE_ID,FIRST_NAME,LAST_NAME,EMAIL,PHONE_NUMBER,HIRE_DATE,JOB_ID,SALARY,COMMISSION_PCT,MANAGER_ID,DEPARTMENT_ID,GENDER,DOB) values (167,'Amit','Banda','ABANDA','011.44.1346.729268',to_date('21-APR-08','DD-MON-RR'),'SA_REP',6200,0.1,147,80,'F',to_date('14-JUN-97','DD-MON-RR'));
Insert into EMPLOYEES (EMPLOYEE_ID,FIRST_NAME,LAST_NAME,EMAIL,PHONE_NUMBER,HIRE_DATE,JOB_ID,SALARY,COMMISSION_PCT,MANAGER_ID,DEPARTMENT_ID,GENDER,DOB) values (168,'Lisa','Ozer','LOZER','011.44.1343.929268',to_date('11-MAR-05','DD-MON-RR'),'SA_REP',11500,0.25,148,80,'F',to_date('21-JUN-82','DD-MON-RR'));
Insert into EMPLOYEES (EMPLOYEE_ID,FIRST_NAME,LAST_NAME,EMAIL,PHONE_NUMBER,HIRE_DATE,JOB_ID,SALARY,COMMISSION_PCT,MANAGER_ID,DEPARTMENT_ID,GENDER,DOB) values (169,'Harrison','Bloom','HBLOOM','011.44.1343.829268',to_date('23-MAR-06','DD-MON-RR'),'SA_REP',10000,0.2,148,80,'M',to_date('06-JUL-98','DD-MON-RR'));
Insert into EMPLOYEES (EMPLOYEE_ID,FIRST_NAME,LAST_NAME,EMAIL,PHONE_NUMBER,HIRE_DATE,JOB_ID,SALARY,COMMISSION_PCT,MANAGER_ID,DEPARTMENT_ID,GENDER,DOB) values (170,'Tayler','Fox','TFOX','011.44.1343.729268',to_date('24-JAN-06','DD-MON-RR'),'SA_REP',9600,0.2,148,80,'M',to_date('24-JUL-83','DD-MON-RR'));
Insert into EMPLOYEES (EMPLOYEE_ID,FIRST_NAME,LAST_NAME,EMAIL,PHONE_NUMBER,HIRE_DATE,JOB_ID,SALARY,COMMISSION_PCT,MANAGER_ID,DEPARTMENT_ID,GENDER,DOB) values (171,'William','Smith','WSMITH','011.44.1343.629268',to_date('23-FEB-07','DD-MON-RR'),'SA_REP',7400,0.15,148,80,'M',to_date('24-DEC-83','DD-MON-RR'));
Insert into EMPLOYEES (EMPLOYEE_ID,FIRST_NAME,LAST_NAME,EMAIL,PHONE_NUMBER,HIRE_DATE,JOB_ID,SALARY,COMMISSION_PCT,MANAGER_ID,DEPARTMENT_ID,GENDER,DOB) values (172,'Elizabeth','Bates','EBATES','011.44.1343.529268',to_date('24-MAR-07','DD-MON-RR'),'SA_REP',7300,0.15,148,80,'M',to_date('18-FEB-88','DD-MON-RR'));
Insert into EMPLOYEES (EMPLOYEE_ID,FIRST_NAME,LAST_NAME,EMAIL,PHONE_NUMBER,HIRE_DATE,JOB_ID,SALARY,COMMISSION_PCT,MANAGER_ID,DEPARTMENT_ID,GENDER,DOB) values (173,'Sundita','Kumar','SKUMAR','011.44.1343.329268',to_date('21-APR-08','DD-MON-RR'),'SA_REP',6100,0.1,148,80,'M',to_date('14-MAY-92','DD-MON-RR'));
Insert into EMPLOYEES (EMPLOYEE_ID,FIRST_NAME,LAST_NAME,EMAIL,PHONE_NUMBER,HIRE_DATE,JOB_ID,SALARY,COMMISSION_PCT,MANAGER_ID,DEPARTMENT_ID,GENDER,DOB) values (174,'Ellen','Abel','EABEL','011.44.1644.429267',to_date('11-MAY-04','DD-MON-RR'),'SA_REP',11000,0.3,149,80,'M',to_date('18-OCT-95','DD-MON-RR'));
Insert into EMPLOYEES (EMPLOYEE_ID,FIRST_NAME,LAST_NAME,EMAIL,PHONE_NUMBER,HIRE_DATE,JOB_ID,SALARY,COMMISSION_PCT,MANAGER_ID,DEPARTMENT_ID,GENDER,DOB) values (175,'Alyssa','Hutton','AHUTTON','011.44.1644.429266',to_date('19-MAR-05','DD-MON-RR'),'SA_REP',8800,0.25,149,80,'M',to_date('07-AUG-95','DD-MON-RR'));
Insert into EMPLOYEES (EMPLOYEE_ID,FIRST_NAME,LAST_NAME,EMAIL,PHONE_NUMBER,HIRE_DATE,JOB_ID,SALARY,COMMISSION_PCT,MANAGER_ID,DEPARTMENT_ID,GENDER,DOB) values (176,'Jonathon','Taylor','JTAYLOR','011.44.1644.429265',to_date('24-MAR-06','DD-MON-RR'),'SA_REP',8600,0.2,149,80,'F',to_date('25-JAN-86','DD-MON-RR'));
Insert into EMPLOYEES (EMPLOYEE_ID,FIRST_NAME,LAST_NAME,EMAIL,PHONE_NUMBER,HIRE_DATE,JOB_ID,SALARY,COMMISSION_PCT,MANAGER_ID,DEPARTMENT_ID,GENDER,DOB) values (177,'Jack','Livingston','JLIVINGS','011.44.1644.429264',to_date('23-APR-06','DD-MON-RR'),'SA_REP',8400,0.2,149,80,'M',to_date('12-AUG-85','DD-MON-RR'));
Insert into EMPLOYEES (EMPLOYEE_ID,FIRST_NAME,LAST_NAME,EMAIL,PHONE_NUMBER,HIRE_DATE,JOB_ID,SALARY,COMMISSION_PCT,MANAGER_ID,DEPARTMENT_ID,GENDER,DOB) values (178,'Kimberely','Grant','KGRANT','011.44.1644.429263',to_date('24-MAY-07','DD-MON-RR'),'SA_REP',7000,0.15,149,null,'M',to_date('10-AUG-97','DD-MON-RR'));
Insert into EMPLOYEES (EMPLOYEE_ID,FIRST_NAME,LAST_NAME,EMAIL,PHONE_NUMBER,HIRE_DATE,JOB_ID,SALARY,COMMISSION_PCT,MANAGER_ID,DEPARTMENT_ID,GENDER,DOB) values (179,'Charles','Johnson','CJOHNSON','011.44.1644.429262',to_date('04-JAN-08','DD-MON-RR'),'SA_REP',6200,0.1,149,80,'F',to_date('13-MAY-92','DD-MON-RR'));
Insert into EMPLOYEES (EMPLOYEE_ID,FIRST_NAME,LAST_NAME,EMAIL,PHONE_NUMBER,HIRE_DATE,JOB_ID,SALARY,COMMISSION_PCT,MANAGER_ID,DEPARTMENT_ID,GENDER,DOB) values (180,'Winston','Taylor','WTAYLOR','650.507.9876',to_date('24-JAN-06','DD-MON-RR'),'SH_CLERK',3200,null,120,50,'M',to_date('28-JUN-87','DD-MON-RR'));
Insert into EMPLOYEES (EMPLOYEE_ID,FIRST_NAME,LAST_NAME,EMAIL,PHONE_NUMBER,HIRE_DATE,JOB_ID,SALARY,COMMISSION_PCT,MANAGER_ID,DEPARTMENT_ID,GENDER,DOB) values (181,'Jean','Fleaur','JFLEAUR','650.507.9877',to_date('23-FEB-06','DD-MON-RR'),'SH_CLERK',3100,null,120,50,'M',to_date('09-SEP-90','DD-MON-RR'));
Insert into EMPLOYEES (EMPLOYEE_ID,FIRST_NAME,LAST_NAME,EMAIL,PHONE_NUMBER,HIRE_DATE,JOB_ID,SALARY,COMMISSION_PCT,MANAGER_ID,DEPARTMENT_ID,GENDER,DOB) values (182,'Martha','Sullivan','MSULLIVA','650.507.9878',to_date('21-JUN-07','DD-MON-RR'),'SH_CLERK',2500,null,120,50,'F',to_date('02-NOV-84','DD-MON-RR'));
Insert into EMPLOYEES (EMPLOYEE_ID,FIRST_NAME,LAST_NAME,EMAIL,PHONE_NUMBER,HIRE_DATE,JOB_ID,SALARY,COMMISSION_PCT,MANAGER_ID,DEPARTMENT_ID,GENDER,DOB) values (183,'Girard','Geoni','GGEONI','650.507.9879',to_date('03-FEB-08','DD-MON-RR'),'SH_CLERK',2800,null,120,50,'F',to_date('12-OCT-93','DD-MON-RR'));
Insert into EMPLOYEES (EMPLOYEE_ID,FIRST_NAME,LAST_NAME,EMAIL,PHONE_NUMBER,HIRE_DATE,JOB_ID,SALARY,COMMISSION_PCT,MANAGER_ID,DEPARTMENT_ID,GENDER,DOB) values (185,'Alexis','Bull','ABULL','650.509.2876',to_date('20-FEB-05','DD-MON-RR'),'SH_CLERK',4100,null,121,50,'F',to_date('08-OCT-95','DD-MON-RR'));
Insert into EMPLOYEES (EMPLOYEE_ID,FIRST_NAME,LAST_NAME,EMAIL,PHONE_NUMBER,HIRE_DATE,JOB_ID,SALARY,COMMISSION_PCT,MANAGER_ID,DEPARTMENT_ID,GENDER,DOB) values (186,'Julia','Dellinger','JDELLING','650.509.3876',to_date('24-JUN-06','DD-MON-RR'),'SH_CLERK',3400,null,121,50,'M',to_date('03-NOV-83','DD-MON-RR'));
Insert into EMPLOYEES (EMPLOYEE_ID,FIRST_NAME,LAST_NAME,EMAIL,PHONE_NUMBER,HIRE_DATE,JOB_ID,SALARY,COMMISSION_PCT,MANAGER_ID,DEPARTMENT_ID,GENDER,DOB) values (187,'Anthony','Cabrio','ACABRIO','650.509.4876',to_date('07-FEB-07','DD-MON-RR'),'SH_CLERK',3000,null,121,50,'M',to_date('05-MAY-80','DD-MON-RR'));
Insert into EMPLOYEES (EMPLOYEE_ID,FIRST_NAME,LAST_NAME,EMAIL,PHONE_NUMBER,HIRE_DATE,JOB_ID,SALARY,COMMISSION_PCT,MANAGER_ID,DEPARTMENT_ID,GENDER,DOB) values (188,'Kelly','Chung','KCHUNG','650.505.1876',to_date('14-JUN-05','DD-MON-RR'),'SH_CLERK',3800,null,122,50,'M',to_date('01-NOV-81','DD-MON-RR'));
Insert into EMPLOYEES (EMPLOYEE_ID,FIRST_NAME,LAST_NAME,EMAIL,PHONE_NUMBER,HIRE_DATE,JOB_ID,SALARY,COMMISSION_PCT,MANAGER_ID,DEPARTMENT_ID,GENDER,DOB) values (189,'Jennifer','Dilly','JDILLY','650.505.2876',to_date('13-AUG-05','DD-MON-RR'),'SH_CLERK',3600,null,122,50,'M',to_date('14-SEP-98','DD-MON-RR'));
Insert into EMPLOYEES (EMPLOYEE_ID,FIRST_NAME,LAST_NAME,EMAIL,PHONE_NUMBER,HIRE_DATE,JOB_ID,SALARY,COMMISSION_PCT,MANAGER_ID,DEPARTMENT_ID,GENDER,DOB) values (190,'Timothy','Gates','TGATES','650.505.3876',to_date('11-JUL-06','DD-MON-RR'),'SH_CLERK',2900,null,122,50,'M',to_date('25-APR-88','DD-MON-RR'));
Insert into EMPLOYEES (EMPLOYEE_ID,FIRST_NAME,LAST_NAME,EMAIL,PHONE_NUMBER,HIRE_DATE,JOB_ID,SALARY,COMMISSION_PCT,MANAGER_ID,DEPARTMENT_ID,GENDER,DOB) values (191,'Randall','Perkins','RPERKINS','650.505.4876',to_date('19-DEC-07','DD-MON-RR'),'SH_CLERK',2500,null,122,50,'M',to_date('09-NOV-93','DD-MON-RR'));
Insert into EMPLOYEES (EMPLOYEE_ID,FIRST_NAME,LAST_NAME,EMAIL,PHONE_NUMBER,HIRE_DATE,JOB_ID,SALARY,COMMISSION_PCT,MANAGER_ID,DEPARTMENT_ID,GENDER,DOB) values (192,'Sarah','Bell','SBELL','650.501.1876',to_date('04-FEB-04','DD-MON-RR'),'SH_CLERK',4000,null,123,50,'M',to_date('10-OCT-81','DD-MON-RR'));
Insert into EMPLOYEES (EMPLOYEE_ID,FIRST_NAME,LAST_NAME,EMAIL,PHONE_NUMBER,HIRE_DATE,JOB_ID,SALARY,COMMISSION_PCT,MANAGER_ID,DEPARTMENT_ID,GENDER,DOB) values (193,'Britney','Everett','BEVERETT','650.501.2876',to_date('03-MAR-05','DD-MON-RR'),'SH_CLERK',3900,null,123,50,'F',to_date('11-OCT-91','DD-MON-RR'));
Insert into EMPLOYEES (EMPLOYEE_ID,FIRST_NAME,LAST_NAME,EMAIL,PHONE_NUMBER,HIRE_DATE,JOB_ID,SALARY,COMMISSION_PCT,MANAGER_ID,DEPARTMENT_ID,GENDER,DOB) values (195,'Vance','Jones','VJONES','650.501.4876',to_date('17-MAR-07','DD-MON-RR'),'SH_CLERK',2800,null,123,50,'M',to_date('31-AUG-95','DD-MON-RR'));
Insert into EMPLOYEES (EMPLOYEE_ID,FIRST_NAME,LAST_NAME,EMAIL,PHONE_NUMBER,HIRE_DATE,JOB_ID,SALARY,COMMISSION_PCT,MANAGER_ID,DEPARTMENT_ID,GENDER,DOB) values (196,'Alana','Walsh','AWALSH','650.507.9811',to_date('24-APR-06','DD-MON-RR'),'SH_CLERK',3100,null,124,50,'F',to_date('08-AUG-84','DD-MON-RR'));
Insert into EMPLOYEES (EMPLOYEE_ID,FIRST_NAME,LAST_NAME,EMAIL,PHONE_NUMBER,HIRE_DATE,JOB_ID,SALARY,COMMISSION_PCT,MANAGER_ID,DEPARTMENT_ID,GENDER,DOB) values (197,'Kevin','Feeney','KFEENEY','650.507.9822',to_date('23-MAY-06','DD-MON-RR'),'SH_CLERK',3000,null,124,50,'F',to_date('21-OCT-91','DD-MON-RR'));
Insert into EMPLOYEES (EMPLOYEE_ID,FIRST_NAME,LAST_NAME,EMAIL,PHONE_NUMBER,HIRE_DATE,JOB_ID,SALARY,COMMISSION_PCT,MANAGER_ID,DEPARTMENT_ID,GENDER,DOB) values (198,'Donald','OConnell','DOCONNEL','650.507.9833',to_date('21-JUN-07','DD-MON-RR'),'SH_CLERK',2600,null,124,50,'F',to_date('28-APR-87','DD-MON-RR'));
Insert into EMPLOYEES (EMPLOYEE_ID,FIRST_NAME,LAST_NAME,EMAIL,PHONE_NUMBER,HIRE_DATE,JOB_ID,SALARY,COMMISSION_PCT,MANAGER_ID,DEPARTMENT_ID,GENDER,DOB) values (199,'Douglas','Grant','DGRANT','650.507.9844',to_date('13-JAN-08','DD-MON-RR'),'SH_CLERK',2600,null,124,50,'M',to_date('12-MAR-94','DD-MON-RR'));
Insert into EMPLOYEES (EMPLOYEE_ID,FIRST_NAME,LAST_NAME,EMAIL,PHONE_NUMBER,HIRE_DATE,JOB_ID,SALARY,COMMISSION_PCT,MANAGER_ID,DEPARTMENT_ID,GENDER,DOB) values (200,'Jennifer','Whalen','JWHALEN','515.123.4444',to_date('17-SEP-03','DD-MON-RR'),'AD_ASST',4400,null,101,10,'F',to_date('13-MAR-87','DD-MON-RR'));
Insert into EMPLOYEES (EMPLOYEE_ID,FIRST_NAME,LAST_NAME,EMAIL,PHONE_NUMBER,HIRE_DATE,JOB_ID,SALARY,COMMISSION_PCT,MANAGER_ID,DEPARTMENT_ID,GENDER,DOB) values (201,'Michael','Hartstein','MHARTSTE','515.123.5555',to_date('17-FEB-04','DD-MON-RR'),'MK_MAN',13000,null,100,20,'M',to_date('27-NOV-98','DD-MON-RR'));
Insert into EMPLOYEES (EMPLOYEE_ID,FIRST_NAME,LAST_NAME,EMAIL,PHONE_NUMBER,HIRE_DATE,JOB_ID,SALARY,COMMISSION_PCT,MANAGER_ID,DEPARTMENT_ID,GENDER,DOB) values (202,'Pat','Fay','PFAY','603.123.6666',to_date('17-AUG-05','DD-MON-RR'),'MK_REP',6000,null,201,20,'M',to_date('18-OCT-82','DD-MON-RR'));
Insert into EMPLOYEES (EMPLOYEE_ID,FIRST_NAME,LAST_NAME,EMAIL,PHONE_NUMBER,HIRE_DATE,JOB_ID,SALARY,COMMISSION_PCT,MANAGER_ID,DEPARTMENT_ID,GENDER,DOB) values (203,'Susan','Mavris','SMAVRIS','515.123.7777',to_date('07-JUN-02','DD-MON-RR'),'HR_REP',6500,null,101,40,'F',to_date('28-APR-94','DD-MON-RR'));
Insert into EMPLOYEES (EMPLOYEE_ID,FIRST_NAME,LAST_NAME,EMAIL,PHONE_NUMBER,HIRE_DATE,JOB_ID,SALARY,COMMISSION_PCT,MANAGER_ID,DEPARTMENT_ID,GENDER,DOB) values (204,'Hermann','Baer','HBAER','515.123.8888',to_date('07-JUN-02','DD-MON-RR'),'PR_REP',10000,null,101,70,'F',to_date('21-JUN-88','DD-MON-RR'));
Insert into EMPLOYEES (EMPLOYEE_ID,FIRST_NAME,LAST_NAME,EMAIL,PHONE_NUMBER,HIRE_DATE,JOB_ID,SALARY,COMMISSION_PCT,MANAGER_ID,DEPARTMENT_ID,GENDER,DOB) values (205,'Shelley','Higgins','SHIGGINS','515.123.8080',to_date('07-JUN-02','DD-MON-RR'),'AC_MGR',12008,null,101,110,'M',to_date('03-OCT-95','DD-MON-RR'));
Insert into EMPLOYEES (EMPLOYEE_ID,FIRST_NAME,LAST_NAME,EMAIL,PHONE_NUMBER,HIRE_DATE,JOB_ID,SALARY,COMMISSION_PCT,MANAGER_ID,DEPARTMENT_ID,GENDER,DOB) values (206,'William','Gietz','WGIETZ','515.123.8181',to_date('07-JUN-02','DD-MON-RR'),'AC_ACCOUNT',8300,null,205,110,'M',to_date('02-JAN-87','DD-MON-RR'));

    
/*ALTER TABLE employees
ADD ( CONSTRAINT     emp_emp_id_pk
                     PRIMARY KEY (employee_id)
    , CONSTRAINT     emp_dept_fk
                     FOREIGN KEY (department_id)
                      REFERENCES departments
    , CONSTRAINT     emp_job_fk
                     FOREIGN KEY (job_id)
                      REFERENCES jobs (job_id)
    , CONSTRAINT     emp_manager_fk
                     FOREIGN KEY (manager_id)
                      REFERENCES employees
) ;

ALTER TABLE departments
ADD ( CONSTRAINT dept_mgr_fk
      		 FOREIGN KEY (manager_id)
      		  REFERENCES employees (employee_id)
) ; 


ALTER TABLE job_history
ADD ( CONSTRAINT jhist_emp_id_st_date_pk
      PRIMARY KEY (employee_id, start_date)
    , CONSTRAINT     jhist_job_fk
                     FOREIGN KEY (job_id)
                     REFERENCES jobs
    , CONSTRAINT     jhist_emp_fk
                     FOREIGN KEY (employee_id)
                     REFERENCES employees
    , CONSTRAINT     jhist_dept_fk
                     FOREIGN KEY (department_id)
                     REFERENCES departments
    ) ; */

CREATE OR REPLACE VIEW emp_details_view
  (employee_id,
   job_id,
   manager_id,
   department_id,
   location_id,
   country_id,
   first_name,
   last_name,
   salary,
   commission_pct,
   department_name,
   job_title,
   city,
   state_province,
   country_name,
   region_name)
AS SELECT
  e.employee_id, 
  e.job_id, 
  e.manager_id, 
  e.department_id,
  d.location_id,
  l.country_id,
  e.first_name,
  e.last_name,
  e.salary,
  e.commission_pct,
  d.department_name,
  j.job_title,
  l.city,
  l.state_province,
  c.country_name,
  r.region_name
FROM
  employees e,
  departments d,
  jobs j,
  locations l,
  countries c,
  regions r
WHERE e.department_id = d.department_id
  AND d.location_id = l.location_id
  AND l.country_id = c.country_id
  AND c.region_id = r.region_id
  AND j.job_id = e.job_id;



COMMIT;